primaryTitle	startYear	runtimeMinutes	genres	averageRating	numVotes
The Dark Knight	2008	152	Action,Crime,Drama	9.0	2710629
Inception	2010	148	Action,Adventure,Sci-Fi	8.8	2406192
The Lord of the Rings: The Fellowship of the Ring	2001	178	Action,Adventure,Drama	8.8	1911387
Interstellar	2014	169	Adventure,Drama,Sci-Fi	8.6	1901627
The Lord of the Rings: The Return of the King	2003	201	Action,Adventure,Drama	9.0	1882591
The Dark Knight Rises	2012	164	Action,Drama,Thriller	8.4	1737419
The Lord of the Rings: The Two Towers	2002	179	Action,Adventure,Drama	8.8	1699407
Django Unchained	2012	165	Drama,Western	8.4	1594647
Gladiator	2000	155	Action,Adventure,Drama	8.5	1532155
Batman Begins	2005	140	Action,Crime,Drama	8.2	1499494
Inglourious Basterds	2009	153	Adventure,Drama,War	8.3	1487419
The Wolf of Wall Street	2013	180	Biography,Comedy,Crime	8.2	1457477
The Avengers	2012	143	Action,Sci-Fi	8.0	1412998
The Prestige	2006	130	Drama,Mystery,Sci-Fi	8.5	1361015
Shutter Island	2010	138	Mystery,Thriller	8.2	1355947
The Departed	2006	151	Crime,Drama,Thriller	8.5	1352687
Joker	2019	122	Crime,Drama,Thriller	8.4	1347596
Avatar	2009	162	Action,Adventure,Fantasy	7.9	1339903
Memento	2000	113	Mystery,Thriller	8.4	1260761
Guardians of the Galaxy	2014	121	Action,Adventure,Comedy	8.0	1207890
Avengers: Endgame	2019	181	Action,Adventure,Drama	8.4	1174213
Pirates of the Caribbean: The Curse of the Black Pearl	2003	143	Action,Adventure,Fantasy	8.1	1150793
WALL·E	2008	98	Adventure,Animation,Family	8.4	1139861
V for Vendetta	2005	132	Action,Drama,Sci-Fi	8.2	1138875
Kill Bill: Vol. 1	2003	111	Action,Crime,Drama	8.2	1138151
Avengers: Infinity War	2018	149	Action,Adventure,Sci-Fi	8.4	1118036
Iron Man	2008	126	Action,Adventure,Sci-Fi	7.9	1079741
Up	2009	96	Adventure,Animation,Comedy	8.3	1066513
Deadpool	2016	108	Action,Comedy	8.0	1064513
Finding Nemo	2003	100	Adventure,Animation,Comedy	8.2	1063991
Eternal Sunshine of the Spotless Mind	2004	108	Drama,Romance,Sci-Fi	8.3	1028972
Mad Max: Fury Road	2015	120	Action,Adventure,Sci-Fi	8.1	1027212
Catch Me If You Can	2002	141	Biography,Crime,Drama	8.1	1017340
Gone Girl	2014	149	Drama,Mystery,Thriller	8.1	1006051
No Country for Old Men	2007	122	Crime,Drama,Thriller	8.2	998685
A Beautiful Mind	2001	135	Biography,Drama	8.2	948483
Star Wars: Episode VII - The Force Awakens	2015	138	Action,Adventure,Sci-Fi	7.8	945729
The Hunger Games	2012	142	Action,Adventure,Sci-Fi	7.2	945400
Monsters, Inc.	2001	92	Adventure,Animation,Comedy	8.1	929641
Whiplash	2014	106	Drama,Music	8.5	900287
Harry Potter and the Deathly Hallows: Part 2	2011	130	Adventure,Family,Fantasy	8.1	898122
Avengers: Age of Ultron	2015	141	Action,Adventure,Sci-Fi	7.3	883100
The Intouchables	2011	112	Biography,Comedy,Drama	8.5	879236
The Martian	2015	144	Adventure,Drama,Sci-Fi	8.0	877005
Snatch	2000	104	Comedy,Crime	8.2	872140
Iron Man 3	2013	130	Action,Adventure,Sci-Fi	7.1	867471
Thor	2011	115	Action,Fantasy	7.0	866045
Captain America: The Winter Soldier	2014	136	Action,Adventure,Sci-Fi	7.8	864295
Requiem for a Dream	2000	102	Drama	8.3	859774
Slumdog Millionaire	2008	120	Crime,Drama,Romance	8.0	857666
The Pianist	2002	150	Biography,Drama,Music	8.5	853379
Toy Story 3	2010	103	Adventure,Animation,Comedy	8.3	852987
Parasite	2019	132	Drama,Thriller	8.5	849545
The Hobbit: An Unexpected Journey	2012	169	Adventure,Fantasy	7.8	842721
Gravity	2013	91	Drama,Sci-Fi,Thriller	7.7	839483
Spider-Man	2002	121	Action,Adventure,Sci-Fi	7.4	836130
The Grand Budapest Hotel	2014	99	Adventure,Comedy,Crime	8.1	835737
300	2006	117	Action,Drama	7.6	835081
The Revenant	2015	156	Action,Adventure,Drama	8.0	825830
Donnie Darko	2001	113	Drama,Mystery,Sci-Fi	8.0	817883
Star Wars: Episode III - Revenge of the Sith	2005	140	Action,Adventure,Fantasy	7.6	809707
Captain America: Civil War	2016	147	Action,Sci-Fi	7.8	809031
Harry Potter and the Sorcerer's Stone	2001	152	Adventure,Family,Fantasy	7.6	806993
The Hangover	2009	100	Comedy	7.7	805822
Black Panther	2018	134	Action,Adventure,Sci-Fi	7.3	799782
Spider-Man: No Way Home	2021	148	Action,Adventure,Fantasy	8.2	791714
Gran Torino	2008	116	Drama	8.1	788178
The Imitation Game	2014	114	Biography,Drama,Thriller	8.0	787372
Black Swan	2010	108	Drama,Thriller	8.0	786943
Spirited Away	2001	125	Adventure,Animation,Family	8.6	786848
Logan	2017	137	Action,Drama,Sci-Fi	8.1	784940
Man of Steel	2013	143	Action,Adventure,Sci-Fi	7.1	784879
Sin City	2005	124	Crime,Thriller	8.0	778333
I Am Legend	2007	101	Action,Drama,Horror	7.2	778153
Once Upon a Time in Hollywood	2019	161	Comedy,Drama	7.6	774916
Thor: Ragnarok	2017	130	Action,Adventure,Comedy	7.9	773236
Kill Bill: Vol. 2	2004	137	Action,Crime,Thriller	8.0	772442
City of God	2002	130	Crime,Drama	8.6	769296
Amélie	2001	122	Comedy,Romance	8.3	768460
Ratatouille	2007	111	Adventure,Animation,Comedy	8.1	763303
Doctor Strange	2016	115	Action,Adventure,Fantasy	7.5	763225
How to Train Your Dragon	2010	98	Action,Adventure,Animation	8.1	759140
The Incredibles	2004	115	Action,Adventure,Animation	8.0	758983
Prisoners	2013	153	Crime,Drama,Mystery	8.1	742676
Pirates of the Caribbean: Dead Man's Chest	2006	151	Action,Adventure,Fantasy	7.3	735080
Inside Out	2015	95	Adventure,Animation,Comedy	8.1	733887
Knives Out	2019	130	Comedy,Crime,Drama	7.9	724801
X-Men: Days of Future Past	2014	132	Action,Adventure,Sci-Fi	7.9	723909
The Social Network	2010	120	Biography,Drama	7.8	721483
Silver Linings Playbook	2012	122	Comedy,Drama,Romance	7.7	720542
Arrival	2016	116	Drama,Mystery,Sci-Fi	7.9	716606
12 Years a Slave	2013	134	Biography,Drama,History	8.1	714436
Skyfall	2012	143	Action,Adventure,Thriller	7.8	708617
Guardians of the Galaxy Vol. 2	2017	136	Action,Adventure,Comedy	7.6	705815
X-Men: First Class	2011	131	Action,Sci-Fi	7.7	703750
Million Dollar Baby	2004	132	Drama,Sport	8.1	698847
Shrek	2001	90	Adventure,Animation,Comedy	7.9	697863
Edge of Tomorrow	2014	113	Action,Adventure,Sci-Fi	7.9	697477
The Batman	2022	176	Action,Crime,Drama	7.8	696297
District 9	2009	112	Action,Sci-Fi,Thriller	7.9	693808
The King's Speech	2010	118	Biography,Drama,History	8.0	690937
Ant-Man	2015	117	Action,Comedy,Sci-Fi	7.3	690473
John Wick	2014	101	Action,Crime,Thriller	7.4	688584
World War Z	2013	116	Action,Adventure,Horror	7.0	685944
Kingsman: The Secret Service	2014	129	Action,Adventure,Comedy	7.7	684281
The Hunger Games: Catching Fire	2013	146	Action,Adventure,Sci-Fi	7.5	682178
Dunkirk	2017	106	Action,Drama,History	7.8	680134
Pan's Labyrinth	2006	118	Drama,Fantasy,War	8.2	679794
The Hobbit: The Desolation of Smaug	2013	161	Fantasy	7.8	677750
Spider-Man: Homecoming	2017	133	Action,Adventure,Sci-Fi	7.4	677387
Now You See Me	2013	115	Crime,Mystery,Thriller	7.2	676887
Wonder Woman	2017	141	Action,Adventure,Fantasy	7.4	672935
Dune	2021	155	Action,Adventure,Drama	8.0	670827
Spider-Man 2	2004	127	Action,Adventure,Sci-Fi	7.4	670432
Casino Royale	2006	144	Action,Adventure,Thriller	8.0	669793
The Curious Case of Benjamin Button	2008	166	Drama,Fantasy,Romance	7.8	666404
Pirates of the Caribbean: At World's End	2007	169	Action,Adventure,Fantasy	7.1	665546
Drive	2011	100	Action,Drama	7.8	662252
Rogue One: A Star Wars Story	2016	133	Action,Adventure,Sci-Fi	7.8	656045
Harry Potter and the Chamber of Secrets	2002	161	Adventure,Family,Fantasy	7.4	654728
Harry Potter and the Prisoner of Azkaban	2004	142	Adventure,Family,Fantasy	7.9	653759
American Psycho	2000	102	Crime,Drama,Horror	7.6	653039
Transformers	2007	144	Action,Adventure,Sci-Fi	7.0	650193
Sherlock Holmes	2009	128	Action,Adventure,Mystery	7.6	647167
Harry Potter and the Goblet of Fire	2005	157	Adventure,Family,Fantasy	7.7	645202
Birdman or (The Unexpected Virtue of Ignorance)	2014	119	Comedy,Drama	7.7	644361
Life of Pi	2012	127	Adventure,Drama,Fantasy	7.9	644127
The Bourne Ultimatum	2007	115	Action,Mystery,Thriller	8.0	643301
Frozen	2013	102	Adventure,Animation,Comedy	7.4	638205
Get Out	2017	104	Horror,Mystery,Thriller	7.7	638186
Her	2013	126	Drama,Romance,Sci-Fi	8.0	633993
Into the Wild	2007	148	Adventure,Biography,Drama	8.1	633990
X-Men	2000	104	Action,Adventure,Sci-Fi	7.3	626403
Argo	2012	120	Biography,Drama,Thriller	7.7	623876
The Hateful Eight	2015	168	Crime,Drama,Mystery	7.8	621660
Prometheus	2012	124	Adventure,Mystery,Sci-Fi	7.0	620722
1917	2019	119	Action,Drama,War	8.2	617970
Taken	2008	90	Action,Crime,Thriller	7.8	613646
La La Land	2016	128	Comedy,Drama,Music	8.0	613245
Star Trek	2009	127	Action,Adventure,Sci-Fi	7.9	609731
Cast Away	2000	143	Adventure,Drama,Romance	7.8	607870
The Matrix Reloaded	2003	138	Action,Sci-Fi	7.2	607473
Deadpool 2	2018	119	Action,Adventure,Comedy	7.6	602854
There Will Be Blood	2007	158	Drama	8.2	600853
Blade Runner 2049	2017	164	Action,Drama,Mystery	8.0	600773
Harry Potter and the Order of the Phoenix	2007	138	Action,Adventure,Family	7.5	599549
Superbad	2007	113	Comedy	7.6	598423
Oldboy	2003	120	Action,Drama,Mystery	8.4	594410
Ocean's Eleven	2001	116	Crime,Thriller	7.7	589887
Limitless	2011	105	Sci-Fi,Thriller	7.4	587840
The Notebook	2004	123	Drama,Romance	7.8	586767
Looper	2012	119	Action,Drama,Sci-Fi	7.4	586171
Top Gun: Maverick	2022	130	Action,Drama	8.3	581125
Kick-Ass	2010	117	Action,Comedy,Crime	7.6	574304
21 Jump Street	2012	109	Action,Comedy,Crime	7.2	573672
Shaun of the Dead	2004	99	Comedy,Horror	7.9	570147
It	2017	135	Horror	7.3	567624
Nightcrawler	2014	117	Crime,Drama,Thriller	7.8	567589
Harry Potter and the Deathly Hallows: Part 1	2010	146	Adventure,Family,Fantasy	7.7	566307
The Kashmir Files	2022	170	Drama	8.7	565693
Minority Report	2002	145	Action,Crime,Mystery	7.6	564229
Baby Driver	2017	113	Action,Crime,Drama	7.6	564191
The Great Gatsby	2013	143	Drama,Romance	7.2	563968
Harry Potter and the Half-Blood Prince	2009	153	Action,Adventure,Family	7.6	562630
Blood Diamond	2006	143	Adventure,Drama,Thriller	8.0	562627
Watchmen	2009	162	Action,Drama,Mystery	7.6	561985
Ex Machina	2014	108	Drama,Sci-Fi,Thriller	7.7	560307
X2: X-Men United	2003	134	Action,Sci-Fi,Thriller	7.4	559993
Zodiac	2007	157	Crime,Drama,Mystery	7.7	559905
Despicable Me	2010	95	Adventure,Animation,Comedy	7.6	559710
Spider-Man: Into the Spider-Verse	2018	117	Action,Adventure,Animation	8.4	559706
The Bourne Identity	2002	119	Action,Mystery,Thriller	7.9	557828
Don't Look Up	2021	138	Comedy,Drama,Sci-Fi	7.2	556028
Bohemian Rhapsody	2018	134	Biography,Drama,Music	7.9	554498
I, Robot	2004	115	Action,Mystery,Sci-Fi	7.1	553569
A Quiet Place	2018	90	Drama,Horror,Sci-Fi	7.5	547508
Hacksaw Ridge	2016	139	Biography,Drama,History	8.1	547320
Troy	2004	163	Drama	7.3	547118
The Hobbit: The Battle of the Five Armies	2014	144	Adventure,Fantasy	7.4	546530
Rise of the Planet of the Apes	2011	105	Action,Drama,Sci-Fi	7.6	539365
Oblivion	2013	124	Action,Adventure,Sci-Fi	7.0	536654
Crazy, Stupid, Love.	2011	118	Comedy,Drama,Romance	7.4	532642
Juno	2007	96	Comedy,Drama	7.5	532107
Coco	2017	105	Adventure,Animation,Comedy	8.4	531343
Source Code	2011	93	Action,Drama,Mystery	7.5	530189
500 Days of Summer	2009	95	Comedy,Drama,Romance	7.7	529428
The Pursuit of Happyness	2006	117	Biography,Drama	8.0	529211
Tenet	2020	150	Action,Sci-Fi,Thriller	7.3	528151
The Perks of Being a Wallflower	2012	103	Drama	7.9	525292
Three Billboards Outside Ebbing, Missouri	2017	115	Comedy,Crime,Drama	8.1	524563
The Conjuring	2013	112	Horror,Mystery,Thriller	7.5	523396
Green Book	2018	130	Biography,Comedy,Drama	8.2	516541
Hot Fuzz	2007	121	Action,Comedy,Mystery	7.8	516136
Split	2016	117	Horror,Thriller	7.3	516054
Zootopia	2016	108	Adventure,Animation,Comedy	8.0	514716
Spider-Man: Far from Home	2019	129	Action,Adventure,Comedy	7.4	513340
Children of Men	2006	109	Action,Drama,Sci-Fi	7.9	510711
Fury	2014	134	Action,Drama,War	7.5	510397
Love Actually	2003	135	Comedy,Drama,Romance	7.6	502860
American Sniper	2014	133	Action,Biography,Drama	7.3	501494
The Butterfly Effect	2004	113	Drama,Sci-Fi,Thriller	7.6	500566
Mission: Impossible - Ghost Protocol	2011	132	Action,Adventure,Thriller	7.4	500430
Dallas Buyers Club	2013	117	Biography,Drama	7.9	499445
Little Miss Sunshine	2006	101	Comedy,Drama	7.8	494240
Rush	2013	123	Action,Biography,Drama	8.1	489977
Star Trek Into Darkness	2013	132	Action,Adventure,Sci-Fi	7.7	488819
American Hustle	2013	138	Crime,Drama	7.2	488013
Fantastic Beasts and Where to Find Them	2016	132	Adventure,Family,Fantasy	7.2	487313
Kung Fu Panda	2008	92	Action,Adventure,Animation	7.6	487165
Spotlight	2015	129	Biography,Crime,Drama	8.1	481092
Warrior	2011	140	Action,Drama,Sport	8.2	481020
Shrek 2	2004	93	Adventure,Animation,Comedy	7.3	479959
Big Hero 6	2014	102	Action,Adventure,Animation	7.8	475104
The Girl with the Dragon Tattoo	2011	158	Crime,Drama,Mystery	7.8	473383
John Wick: Chapter 2	2017	122	Action,Crime,Thriller	7.4	473122
The Bourne Supremacy	2004	108	Action,Mystery,Thriller	7.7	472781
Captain Phillips	2013	134	Action,Biography,Crime	7.8	472078
The Terminal	2004	128	Comedy,Drama,Romance	7.4	471509
The Help	2011	146	Drama	8.1	471308
Tangled	2010	100	Adventure,Animation,Comedy	7.7	467704
Mystic River	2003	138	Crime,Drama,Mystery	7.9	466803
Lost in Translation	2003	102	Comedy,Drama	7.7	466375
Sherlock Holmes: A Game of Shadows	2011	129	Action,Adventure,Mystery	7.4	465153
The Theory of Everything	2014	123	Biography,Drama,Romance	7.7	462861
We're the Millers	2013	110	Comedy,Crime	7.0	462375
The Hurt Locker	2008	131	Drama,Thriller,War	7.5	460469
Gangs of New York	2002	167	Crime,Drama	7.5	453224
Ready Player One	2018	140	Action,Adventure,Sci-Fi	7.4	452435
The Last Samurai	2003	154	Action,Drama	7.8	451203
Dawn of the Planet of the Apes	2014	130	Action,Adventure,Drama	7.6	450892
Training Day	2001	122	Action,Crime,Drama	7.7	449087
The 40-Year-Old Virgin	2005	116	Comedy,Romance	7.1	448816
Big Fish	2003	125	Adventure,Drama,Fantasy	8.0	447655
The Big Short	2015	130	Biography,Comedy,Drama	7.8	445574
Sicario	2015	121	Action,Crime,Drama	7.6	444815
In Bruges	2008	107	Comedy,Crime,Drama	7.9	444416
Crash	2004	112	Crime,Drama,Thriller	7.7	441990
Everything Everywhere All at Once	2022	139	Action,Adventure,Comedy	7.9	440983
Scott Pilgrim vs. the World	2010	112	Action,Comedy,Fantasy	7.5	440623
Moneyball	2011	133	Biography,Drama,Sport	7.6	437920
Cars	2006	117	Adventure,Animation,Comedy	7.2	437477
American Gangster	2007	157	Biography,Crime,Drama	7.8	435595
Wreck-It Ralph	2012	101	Adventure,Animation,Comedy	7.7	435453
Saw	2004	103	Horror,Mystery,Thriller	7.6	434186
Midnight in Paris	2011	94	Comedy,Fantasy,Romance	7.7	433986
King Kong	2005	187	Action,Adventure,Drama	7.2	432577
The Shape of Water	2017	123	Drama,Fantasy,Romance	7.3	431364
Room	2015	118	Drama,Thriller	8.1	430758
The Cabin in the Woods	2011	95	Horror,Mystery,Thriller	7.0	429961
Tropic Thunder	2008	107	Action,Comedy,War	7.1	428348
Unbreakable	2000	106	Drama,Mystery,Sci-Fi	7.3	426867
28 Days Later	2002	113	Drama,Horror,Sci-Fi	7.5	424227
Brave	2012	93	Adventure,Animation,Comedy	7.1	422670
Ant-Man and the Wasp	2018	118	Action,Adventure,Comedy	7.0	422641
Passengers	2016	116	Drama,Romance,Sci-Fi	7.0	420221
No Time to Die	2021	163	Action,Adventure,Thriller	7.3	417276
Ford v Ferrari	2019	152	Action,Biography,Drama	8.1	415592
Collateral	2004	120	Action,Crime,Drama	7.5	415143
Live Free or Die Hard	2007	128	Action,Thriller	7.1	412029
Zack Snyder's Justice League	2021	242	Action,Adventure,Fantasy	8.0	411288
Howl's Moving Castle	2004	119	Adventure,Animation,Family	8.2	410147
3 Idiots	2009	170	Comedy,Drama	8.4	409882
Despicable Me 2	2013	98	Adventure,Animation,Comedy	7.3	409565
Jojo Rabbit	2019	108	Comedy,Drama,War	7.9	408478
Black Hawk Down	2001	144	Action,Drama,History	7.7	405996
The Irishman	2019	209	Biography,Crime,Drama	7.8	402182
Fast & Furious 6	2013	130	Action,Adventure,Crime	7.0	401918
Easy A	2010	92	Comedy,Drama,Romance	7.0	400898
The Town	2010	125	Crime,Drama,Thriller	7.5	400532
The Machinist	2004	101	Drama,Thriller	7.7	400103
Shang-Chi and the Legend of the Ten Rings	2021	132	Action,Adventure,Fantasy	7.4	400057
Furious 7	2015	137	Action,Crime,Thriller	7.1	398085
Mean Girls	2004	97	Comedy	7.1	397740
A Star Is Born	2018	136	Drama,Music,Romance	7.6	396619
The Lives of Others	2006	137	Drama,Mystery,Thriller	8.4	395978
Fast Five	2011	130	Action,Crime,Thriller	7.3	389516
Free Guy	2021	115	Action,Adventure,Comedy	7.1	388700
22 Jump Street	2014	112	Action,Comedy,Crime	7.0	388282
Glass Onion	2022	139	Comedy,Crime,Drama	7.1	387985
The Fault in Our Stars	2014	126	Drama,Romance	7.7	386345
John Wick: Chapter 3 - Parabellum	2019	130	Action,Crime,Thriller	7.4	386207
127 Hours	2010	94	Biography,Drama	7.5	385954
The Equalizer	2014	132	Action,Crime,Thriller	7.2	383393
Mission: Impossible - Rogue Nation	2015	131	Action,Adventure,Thriller	7.4	382904
Inside Man	2006	129	Crime,Drama,Mystery	7.6	382864
The Illusionist	2006	110	Drama,Fantasy,Mystery	7.5	379659
The Italian Job	2003	111	Action,Crime,Thriller	7.0	376451
The Fighter	2010	116	Action,Biography,Drama	7.8	376389
The Others	2001	101	Horror,Mystery,Thriller	7.6	375912
Sweeney Todd: The Demon Barber of Fleet Street	2007	116	Drama,Horror,Musical	7.3	375590
Avatar: The Way of Water	2022	192	Action,Adventure,Fantasy	7.7	375367
Man on Fire	2004	146	Action,Crime,Drama	7.7	371275
Snowpiercer	2013	126	Action,Drama,Sci-Fi	7.1	370931
The Aviator	2004	170	Biography,Drama	7.5	370496
Monsters University	2013	104	Adventure,Animation,Comedy	7.2	370363
The Suicide Squad	2021	132	Action,Adventure,Comedy	7.2	369714
The Lego Movie	2014	100	Action,Adventure,Animation	7.7	367636
Cloud Atlas	2012	172	Drama,Mystery,Sci-Fi	7.4	367061
Brokeback Mountain	2005	134	Drama,Romance	7.7	366808
Moon	2009	97	Drama,Mystery,Sci-Fi	7.8	366085
Mulholland Drive	2001	147	Drama,Mystery,Thriller	7.9	366015
Anchorman: The Legend of Ron Burgundy	2004	94	Comedy	7.1	365886
Wedding Crashers	2005	119	Comedy,Romance	7.0	364385
About Time	2013	123	Comedy,Drama,Fantasy	7.8	363407
Flight	2012	138	Drama,Thriller	7.3	362638
Downfall	2004	156	Biography,Drama,History	8.2	361743
Shazam!	2019	132	Action,Adventure,Comedy	7.0	361460
Hotel Rwanda	2004	121	Biography,Drama,History	8.1	361371
Super 8	2011	112	Action,Mystery,Sci-Fi	7.0	360317
Boyhood	2014	165	Drama	7.9	359675
The Ring	2002	115	Horror,Mystery	7.1	359306
The Gentlemen	2019	113	Action,Comedy,Crime	7.8	358937
Constantine	2005	121	Action,Fantasy,Horror	7.0	357397
Moonrise Kingdom	2012	94	Comedy,Drama,Family	7.8	356381
Bullet Train	2022	127	Action,Comedy,Thriller	7.3	351919
Moana	2016	107	Adventure,Animation,Comedy	7.6	350098
Jack Reacher	2012	130	Action,Mystery,Thriller	7.0	349190
Midsommar	2019	148	Drama,Horror,Mystery	7.1	348868
How to Train Your Dragon 2	2014	102	Action,Adventure,Animation	7.8	346608
True Grit	2010	110	Drama,Western	7.6	346332
Soul	2020	100	Adventure,Animation,Comedy	8.0	343917
Mission: Impossible - Fallout	2018	147	Action,Adventure,Thriller	7.7	343743
The Blind Side	2009	129	Biography,Drama,Sport	7.6	343317
Meet the Parents	2000	108	Comedy,Romance	7.0	342827
Up in the Air	2009	109	Comedy,Drama,Romance	7.4	341565
Shooter	2007	124	Action,Drama,Thriller	7.1	341408
The Nice Guys	2016	116	Action,Comedy,Crime	7.3	341178
Burn After Reading	2008	96	Comedy,Crime,Drama	7.0	340575
The Hunt	2012	115	Drama	8.3	340259
Real Steel	2011	127	Action,Drama,Sci-Fi	7.0	339545
Hereditary	2018	127	Drama,Horror,Mystery	7.3	339434
10 Cloverfield Lane	2016	103	Drama,Horror,Mystery	7.2	338930
Equilibrium	2002	107	Action,Drama,Sci-Fi	7.3	337853
Les Misérables	2012	158	Drama,Musical,Romance	7.5	335971
50/50	2011	100	Comedy,Drama,Romance	7.6	335667
Hugo	2011	126	Adventure,Drama,Family	7.5	328309
The Secret Life of Walter Mitty	2013	114	Adventure,Comedy,Drama	7.3	325940
Lord of War	2005	122	Crime,Drama	7.6	325448
Marriage Story	2019	137	Drama,Romance	7.9	323450
The Mist	2007	126	Horror,Sci-Fi,Thriller	7.1	321740
3:10 to Yuma	2007	122	Action,Crime,Drama	7.7	319634
Apocalypto	2006	139	Action,Adventure,Drama	7.8	319553
O Brother, Where Art Thou?	2000	107	Adventure,Comedy,Crime	7.7	319461
The Man from U.N.C.L.E.	2015	116	Action,Adventure,Comedy	7.2	319029
Lucky Number Slevin	2006	110	Crime,Drama,Thriller	7.7	318618
Beauty and the Beast	2017	129	Adventure,Family,Fantasy	7.1	318165
Bridge of Spies	2015	142	Drama,History,Thriller	7.6	317795
Moonlight	2016	111	Drama	7.4	317413
Deja Vu	2006	126	Action,Crime,Sci-Fi	7.1	317313
School of Rock	2003	109	Comedy,Music	7.2	315562
RED	2010	111	Action,Comedy,Crime	7.0	315152
Pitch Perfect	2012	112	Comedy,Music,Romance	7.1	315099
A.I. Artificial Intelligence	2001	146	Drama,Sci-Fi	7.2	314286
The Wrestler	2008	109	Drama,Sport	7.9	312514
Public Enemies	2009	140	Action,Biography,Crime	7.0	309261
Babel	2006	143	Drama	7.5	308696
Zero Dark Thirty	2012	157	Drama,History,Thriller	7.4	308493
The Menu	2022	107	Comedy,Horror,Thriller	7.2	308441
Incredibles 2	2018	118	Action,Adventure,Animation	7.6	308269
Seven Pounds	2008	123	Drama	7.6	308179
Pride & Prejudice	2005	129	Drama,Romance	7.8	307228
Law Abiding Citizen	2009	109	Action,Crime,Drama	7.4	305780
The Accountant	2016	128	Action,Thriller	7.3	304011
Lady Bird	2017	94	Comedy,Drama	7.4	303137
Insomnia	2002	118	Drama,Mystery,Thriller	7.2	302446
8 Mile	2002	110	Drama,Music	7.2	301200
The Royal Tenenbaums	2001	110	Comedy,Drama	7.6	300401
Death Proof	2007	127	Action,Thriller	7.0	300077
Serenity	2005	119	Action,Adventure,Sci-Fi	7.8	299944
Kung Fu Panda 2	2011	90	Action,Adventure,Animation	7.2	297480
Kingdom of Heaven	2005	144	Action,Adventure,Drama	7.2	296211
Creed	2015	133	Action,Drama,Sport	7.6	295719
Uncut Gems	2019	135	Crime,Drama,Thriller	7.4	295601
Lone Survivor	2013	121	Action,Biography,Drama	7.5	294701
Hachi: A Dog's Tale	2009	93	Biography,Drama,Family	8.1	294053
Manchester by the Sea	2016	137	Drama	7.8	292846
Forgetting Sarah Marshall	2008	111	Comedy,Drama,Romance	7.1	292120
The Greatest Showman	2017	105	Biography,Drama,Musical	7.5	291903
Moulin Rouge!	2001	127	Drama,Musical,Romance	7.6	290883
Predestination	2014	97	Action,Drama,Sci-Fi	7.4	290549
Nocturnal Animals	2016	116	Drama,Thriller	7.5	288676
Call Me by Your Name	2017	132	Drama,Romance	7.8	287162
Atonement	2007	123	Drama,Mystery,Romance	7.8	286757
Elf	2003	97	Adventure,Comedy,Family	7.1	286416
Finding Dory	2016	97	Adventure,Animation,Comedy	7.3	285853
Your Name.	2016	106	Animation,Drama,Fantasy	8.4	284741
Almost Famous	2000	122	Adventure,Comedy,Drama	7.9	283036
The Jungle Book	2016	106	Adventure,Drama,Family	7.4	282920
Nobody	2021	92	Action,Crime,Drama	7.4	282213
The Patriot	2000	165	Action,Drama,History	7.2	282205
Sully	2016	96	Biography,Drama	7.4	282060
Dredd	2012	95	Action,Crime,Sci-Fi	7.1	281997
The Conjuring 2	2016	134	Horror,Mystery,Thriller	7.3	280798
Red Dragon	2002	124	Crime,Drama,Thriller	7.2	280779
Gone Baby Gone	2007	114	Crime,Drama,Mystery	7.6	279669
Alita: Battle Angel	2019	122	Action,Adventure,Sci-Fi	7.3	278038
Hellboy II: The Golden Army	2008	120	Action,Adventure,Fantasy	7.0	277918
Rango	2011	107	Action,Adventure,Animation	7.2	277318
Stardust	2007	127	Adventure,Family,Fantasy	7.6	277128
Underworld	2003	121	Action,Fantasy,Thriller	7.0	276532
The Place Beyond the Pines	2012	140	Crime,Drama,Thriller	7.3	276519
Road to Perdition	2002	117	Crime,Drama,Thriller	7.7	275432
Crouching Tiger, Hidden Dragon	2000	120	Action,Adventure,Drama	7.9	275248
Megamind	2010	95	Action,Animation,Comedy	7.3	274980
BlacKkKlansman	2018	135	Biography,Comedy,Crime	7.5	273161
The Lobster	2015	119	Drama,Romance,Sci-Fi	7.1	268662
Enemy at the Gates	2001	131	Action,Drama,War	7.5	268455
Blow	2001	124	Biography,Crime,Drama	7.5	266507
War for the Planet of the Apes	2017	140	Action,Adventure,Drama	7.4	265873
El Camino: A Breaking Bad Movie	2019	122	Action,Crime,Drama	7.3	265714
Me Before You	2016	106	Drama,Romance	7.4	265572
Seven Psychopaths	2012	110	Comedy,Crime	7.1	265503
Lincoln	2012	150	Biography,Drama,History	7.3	265289
Hotel Transylvania	2012	91	Adventure,Animation,Comedy	7.0	264986
The Adjustment Bureau	2011	106	Romance,Sci-Fi,Thriller	7.0	262274
Dawn of the Dead	2004	101	Action,Horror	7.3	261754
Wind River	2017	107	Crime,Drama,Mystery	7.7	261664
Vicky Cristina Barcelona	2008	96	Comedy,Drama,Romance	7.1	260984
Toy Story 4	2019	100	Adventure,Animation,Comedy	7.7	260951
The Intern	2015	121	Comedy,Drama	7.1	259790
Changeling	2008	141	Biography,Crime,Drama	7.8	259600
RocknRolla	2008	114	Action,Crime,Thriller	7.2	258196
Perfume: The Story of a Murderer	2006	147	Crime,Drama,Fantasy	7.5	257317
Walk the Line	2005	136	Biography,Drama,Music	7.8	256910
Sunshine	2007	107	Sci-Fi,Thriller	7.2	256529
End of Watch	2012	109	Action,Adventure,Crime	7.6	256101
Identity	2003	90	Mystery,Thriller	7.3	255862
Star Trek Beyond	2016	122	Action,Adventure,Sci-Fi	7.0	251331
The Reader	2008	124	Drama,Romance	7.6	251292
The Bucket List	2007	97	Adventure,Comedy,Drama	7.4	251281
Valkyrie	2008	121	Drama,History,Thriller	7.1	250298
Eastern Promises	2007	100	Crime,Drama,Thriller	7.6	250148
Spy	2015	120	Action,Comedy	7.0	249822
A Separation	2011	123	Drama	8.3	249063
Lawless	2012	116	Biography,Crime,Drama	7.2	246710
Pitch Black	2000	109	Action,Horror,Sci-Fi	7.1	246457
Southpaw	2015	124	Action,Crime,Drama	7.3	246407
A Quiet Place Part II	2020	97	Drama,Horror,Sci-Fi	7.2	246119
The Descendants	2011	115	Comedy,Drama	7.3	245269
The Road	2009	111	Drama,Thriller	7.2	245167
Amores Perros	2000	154	Drama,Thriller	8.1	244975
The Artist	2011	100	Comedy,Drama,Romance	7.9	244612
A History of Violence	2005	96	Action,Crime,Drama	7.4	244207
The Lincoln Lawyer	2011	118	Crime,Drama,Mystery	7.3	243991
Cruella	2021	134	Adventure,Comedy,Crime	7.3	243843
The Fountain	2006	97	Drama,Mystery,Romance	7.2	243457
The Platform	2019	94	Horror,Sci-Fi,Thriller	7.0	243297
Lion	2016	118	Biography,Drama	8.0	242233
Coraline	2009	100	Animation,Drama,Family	7.7	241846
21 Grams	2003	124	Crime,Drama,Thriller	7.6	240916
Hidden Figures	2016	127	Biography,Drama,History	7.8	239895
The Passion of the Christ	2004	127	Drama	7.2	239741
Mr. Nobody	2009	141	Drama,Fantasy,Romance	7.7	238554
Orphan	2009	123	Horror,Mystery,Thriller	7.0	238548
Hell or High Water	2016	102	Crime,Drama,Thriller	7.6	238352
Rambo	2008	92	Action,Adventure,Thriller	7.0	237319
The Invisible Man	2020	124	Drama,Horror,Mystery	7.1	236910
The Adventures of Tintin	2011	107	Action,Adventure,Animation	7.3	236178
Encanto	2021	102	Animation,Comedy,Family	7.2	235401
Chicago	2002	113	Comedy,Crime,Musical	7.2	235367
Train to Busan	2016	118	Action,Horror,Thriller	7.6	233425
Body of Lies	2008	128	Action,Drama,Thriller	7.0	232720
The Descent	2005	99	Adventure,Horror,Thriller	7.2	232613
Stranger Than Fiction	2006	113	Comedy,Drama,Fantasy	7.5	232255
Munich	2005	164	Action,Drama,History	7.5	231775
Kiss Kiss Bang Bang	2005	103	Comedy,Crime,Mystery	7.5	231157
War Dogs	2016	114	Biography,Comedy,Crime	7.1	231101
The Impossible	2012	114	Adventure,Drama,History	7.5	230297
The Lighthouse	2019	109	Drama,Fantasy,Mystery	7.4	230052
The Boy in the Striped Pajamas	2008	94	Drama,War	7.7	228881
Master and Commander: The Far Side of the World	2003	138	Action,Adventure,Drama	7.4	228110
Ip Man	2008	106	Action,Biography,Drama	8.0	227988
Closer	2004	104	Drama,Romance	7.2	226792
The Northman	2022	137	Action,Adventure,Drama	7.0	226702
I, Tonya	2017	119	Biography,Comedy,Drama	7.5	226532
The Ides of March	2011	101	Drama,Thriller	7.1	226022
Thank You for Smoking	2005	92	Comedy,Drama	7.5	224921
Captain Fantastic	2016	118	Comedy,Drama	7.8	224843
Rocky Balboa	2006	102	Action,Drama,Sport	7.1	224074
Everest	2015	121	Action,Adventure,Biography	7.1	223495
Match Point	2005	124	Drama,Romance,Thriller	7.6	222149
Chef	2014	114	Adventure,Comedy,Drama	7.3	222085
The Croods	2013	98	Action,Adventure,Animation	7.2	222031
Remember the Titans	2000	113	Biography,Drama,Sport	7.8	221779
Let the Right One In	2008	114	Drama,Fantasy,Horror	7.9	221210
Garden State	2004	102	Comedy,Drama,Romance	7.4	219642
The Girl with the Dragon Tattoo	2009	152	Crime,Drama,Mystery	7.8	219396
Revolutionary Road	2008	119	Drama,Romance	7.3	218254
Little Women	2019	135	Drama,Romance	7.8	218073
Planet Terror	2007	105	Action,Comedy,Horror	7.1	216396
A Walk to Remember	2002	101	Drama,Romance	7.3	215408
P.S. I Love You	2007	126	Comedy,Drama,Romance	7.0	213857
The Secret in Their Eyes	2009	129	Drama,Mystery,Romance	8.2	213697
Traffic	2000	147	Crime,Drama,Thriller	7.6	212332
I Love You, Man	2009	105	Comedy,Romance	7.0	211439
Fracture	2007	113	Crime,Drama,Thriller	7.2	210886
Enchanted	2007	107	Adventure,Animation,Comedy	7.1	210019
The Raid: Redemption	2011	101	Action,Crime,Thriller	7.6	209662
Darkest Hour	2017	125	Biography,Drama,War	7.4	208871
Finding Neverland	2004	106	Biography,Drama,Family	7.7	208804
Straight Outta Compton	2015	147	Biography,Drama,History	7.8	208534
The Favourite	2018	119	Biography,Comedy,Drama	7.5	207577
Blue Jasmine	2013	98	Comedy,Drama	7.3	207514
Elvis	2022	159	Biography,Drama,Music	7.3	206962
Jai Bhim	2021	164	Crime,Drama,Mystery	8.8	206329
Tinker Tailor Soldier Spy	2011	127	Drama,Mystery,Thriller	7.0	206327
Erin Brockovich	2000	131	Biography,Drama	7.4	206280
The Darjeeling Limited	2007	91	Adventure,Comedy,Drama	7.2	206214
Prey	2022	100	Action,Adventure,Drama	7.1	205862
The Banshees of Inisherin	2022	114	Comedy,Drama	7.7	204798
Wild Tales	2014	122	Comedy,Drama,Thriller	8.1	204570
The Life Aquatic with Steve Zissou	2004	119	Action,Adventure,Comedy	7.2	202604
Blue Valentine	2010	112	Drama,Romance	7.3	202598
All Quiet on the Western Front	2022	148	Action,Drama,War	7.8	201658
Doctor Sleep	2019	152	Drama,Fantasy,Horror	7.3	201072
The Next Three Days	2010	133	Action,Crime,Drama	7.3	200545
Shame	2011	101	Drama	7.2	200259
Like Stars on Earth	2007	165	Drama,Family	8.3	197568
Adaptation.	2002	115	Comedy,Drama	7.7	196779
Dangal	2016	161	Action,Biography,Drama	8.3	196763
Jarhead	2005	125	Biography,Drama,War	7.0	195910
The Judge	2014	141	Crime,Drama	7.4	195901
Sideways	2004	127	Comedy,Drama,Romance	7.5	195835
Chocolat	2000	121	Drama,Romance	7.3	195808
Memories of Murder	2003	131	Crime,Drama,Mystery	8.1	194806
First Man	2018	141	Biography,Drama,History	7.3	193396
Side Effects	2013	106	Crime,Drama,Mystery	7.1	193140
PK	2014	153	Comedy,Drama,Sci-Fi	8.1	192729
American Made	2017	115	Action,Comedy,Crime	7.1	192683
Upgrade	2018	100	Action,Sci-Fi,Thriller	7.5	192411
Cinderella Man	2005	144	Biography,Drama,Romance	8.0	192032
The Danish Girl	2015	119	Biography,Crime,Drama	7.1	191955
Ghostbusters: Afterlife	2021	124	Adventure,Comedy,Fantasy	7.1	191454
The Last King of Scotland	2006	123	Biography,Drama,History	7.6	190385
The Age of Adaline	2015	112	Drama,Fantasy,Romance	7.2	189527
Wrath of Man	2021	119	Action,Crime,Thriller	7.1	188955
Battle Royale	2000	114	Action,Adventure,Drama	7.6	187972
K-PAX	2001	120	Drama,Mystery,Sci-Fi	7.4	187905
Melancholia	2011	135	Drama,Sci-Fi	7.1	187756
Layer Cake	2004	105	Action,Crime,Drama	7.3	187650
About a Boy	2002	101	Comedy,Drama,Romance	7.1	187423
Grindhouse	2007	191	Action,Horror,Thriller	7.5	187296
Promising Young Woman	2020	113	Crime,Drama,Mystery	7.5	186691
The Assassination of Jesse James by the Coward Robert Ford	2007	160	Biography,Crime,Drama	7.5	186649
The Bank Job	2008	111	Crime,Drama,Thriller	7.2	184942
Hero	2002	120	Action,Adventure,Drama	7.9	184211
High Fidelity	2000	113	Comedy,Drama,Music	7.4	184190
The Trial of the Chicago 7	2020	129	Drama,History,Thriller	7.7	183485
Incendies	2010	131	Drama,Mystery	8.3	183250
Mud	2012	130	Drama	7.4	183076
Rise of the Guardians	2012	97	Action,Adventure,Animation	7.2	182883
The Invisible Guest	2016	106	Crime,Drama,Mystery	8.0	182329
Rocketman	2019	121	Biography,Drama,Music	7.3	181688
25th Hour	2002	135	Drama	7.6	181480
Mary and Max	2009	92	Animation,Comedy,Drama	8.1	180484
The Master	2012	138	Drama	7.1	179337
Molly's Game	2017	140	Biography,Crime,Drama	7.4	178796
Sing	2016	108	Animation,Comedy,Family	7.1	178035
Isle of Dogs	2018	101	Adventure,Animation,Comedy	7.8	176707
Milk	2008	128	Biography,Drama,History	7.5	176069
Deepwater Horizon	2016	107	Action,Drama,History	7.1	173783
Unbroken	2014	137	Action,Biography,Drama	7.2	173534
Team America: World Police	2004	98	Action,Comedy	7.2	173372
Steve Jobs	2015	122	Biography,Drama	7.2	173058
Another Round	2020	117	Comedy,Drama	7.7	172608
Luca	2021	95	Adventure,Animation,Comedy	7.4	172481
Searching	2018	102	Drama,Mystery,Thriller	7.6	171204
Wonder	2017	113	Drama,Family	7.9	169937
Punch-Drunk Love	2002	95	Comedy,Drama,Romance	7.3	169931
Nomadland	2020	107	Drama	7.3	169877
Michael Clayton	2007	119	Crime,Drama,Mystery	7.2	169461
Definitely, Maybe	2008	112	Comedy,Drama,Romance	7.1	169266
Ralph Breaks the Internet	2018	112	Adventure,Animation,Comedy	7.0	169109
Kung Fu Panda 3	2016	95	Action,Adventure,Animation	7.1	168991
Palm Springs	2020	90	Comedy,Fantasy,Mystery	7.4	167978
The Ghost Writer	2010	128	Crime,Drama,Mystery	7.2	167159
The Father	2020	97	Drama,Mystery	8.2	166975
Letters from Iwo Jima	2006	141	Action,Adventure,Drama	7.9	166009
Saving Mr. Banks	2013	125	Biography,Comedy,Drama	7.5	165595
Klaus	2019	96	Adventure,Animation,Comedy	8.2	165455
The Last Duel	2021	152	Action,Drama,History	7.4	164841
Buried	2010	95	Drama,Mystery,Thriller	7.0	164300
Before Midnight	2013	109	Drama,Romance	7.9	163962
Bridge to Terabithia	2007	96	Drama,Family,Fantasy	7.2	163747
The Gift	2015	108	Drama,Mystery,Thriller	7.0	163664
Hard Candy	2005	104	Drama,Thriller	7.0	163631
The Killing of a Sacred Deer	2017	121	Drama,Horror,Mystery	7.0	163537
Roma	2018	135	Drama	7.7	163327
Invictus	2009	134	Action,Adventure,Biography	7.3	163211
Allied	2016	124	Action,Drama,Romance	7.1	162212
Marley & Me	2008	111	Drama,Family	7.0	162141
War Horse	2011	146	Action,Adventure,Drama	7.2	161055
Spy Game	2001	126	Action,Crime,Thriller	7.0	160775
Begin Again	2013	104	Comedy,Drama,Music	7.4	160701
We Need to Talk About Kevin	2011	112	Drama,Mystery,Thriller	7.5	160261
The Founder	2016	115	Biography,Drama	7.2	159638
Coach Carter	2005	136	Biography,Drama,Sport	7.3	159157
The Orphanage	2007	105	Drama,Horror,Mystery	7.4	159138
The Lego Batman Movie	2017	104	Action,Adventure,Animation	7.3	158969
Raya and the Last Dragon	2021	107	Action,Adventure,Animation	7.3	158877
The Disaster Artist	2017	104	Biography,Comedy,Drama	7.3	158229
The Skin I Live In	2011	120	Drama,Horror,Mystery	7.6	157903
Inside Llewyn Davis	2013	104	Drama,Music	7.4	157846
One Day	2011	107	Drama,Romance	7.0	157733
The Spectacular Now	2013	95	Drama,Romance	7.1	157193
Onward	2020	102	Adventure,Animation,Comedy	7.4	156880
Blue Is the Warmest Colour	2013	180	Drama,Romance	7.7	156870
Snowden	2016	134	Biography,Crime,Drama	7.3	156332
In the Mood for Love	2000	98	Drama,Romance	8.1	156223
The Handmaiden	2016	145	Drama,Romance,Thriller	8.1	156222
The Post	2017	116	Biography,Drama,History	7.2	155981
Bad Times at the El Royale	2018	141	Crime,Drama,Mystery	7.1	155699
Monster	2003	109	Biography,Crime,Drama	7.3	155683
Sicario: Day of the Soldado	2018	122	Action,Crime,Drama	7.1	155608
The Drop	2014	106	Crime,Drama,Thriller	7.0	155421
Green Street Hooligans	2005	109	Crime,Drama,Sport	7.4	155364
The Ballad of Buster Scruggs	2018	133	Comedy,Drama,Musical	7.3	155209
State of Play	2009	127	Crime,Drama,Mystery	7.1	155156
Logan Lucky	2017	118	Action,Comedy,Crime	7.0	155036
Memoirs of a Geisha	2005	145	Drama,Romance	7.3	154558
The Time Traveler's Wife	2009	107	Comedy,Drama,Fantasy	7.1	153964
The Princess and the Frog	2009	97	Adventure,Animation,Comedy	7.1	153326
The Way Way Back	2013	103	Comedy,Drama	7.4	153289
Vice	2018	132	Biography,Comedy,Drama	7.2	153267
Mr. Brooks	2007	120	Crime,Drama,Thriller	7.3	152932
Dogville	2003	178	Crime,Drama	8.0	152696
Nightmare Alley	2021	150	Crime,Drama,Thriller	7.0	152345
I Am Sam	2001	132	Drama	7.6	152269
Cold Mountain	2003	154	Adventure,Drama,Romance	7.2	151895
Defiance	2008	137	Action,Drama,History	7.1	151769
Ray	2004	152	Biography,Drama,Music	7.7	151702
Remember Me	2010	113	Drama,Romance	7.1	150897
Ponyo	2008	101	Adventure,Animation,Comedy	7.6	150258
13 Hours	2016	144	Action,Drama,History	7.3	149678
Lars and the Real Girl	2007	106	Comedy,Drama,Romance	7.3	149197
Last Night in Soho	2021	116	Drama,Horror,Mystery	7.0	149189
Good Bye Lenin!	2003	121	Comedy,Drama,Romance	7.7	149028
RRR	2022	187	Action,Drama	7.8	148914
Never Let Me Go	2010	103	Drama,Romance,Sci-Fi	7.1	148853
Bad Santa	2003	92	Comedy,Crime,Drama	7.1	148742
We Bought a Zoo	2011	124	Comedy,Drama,Family	7.1	146932
Love, Rosie	2014	102	Comedy,Romance	7.1	146679
Bowling for Columbine	2002	120	Crime,Documentary,Drama	8.0	146318
Barbarian	2022	102	Horror,Mystery,Thriller	7.0	146291
We Were Soldiers	2002	138	Action,Drama,History	7.1	146182
Winter's Bone	2010	100	Drama,Mystery	7.1	145803
A Serious Man	2009	106	Comedy,Drama	7.0	145761
Brooklyn	2015	117	Drama,Romance	7.5	145498
It's Kind of a Funny Story	2010	101	Comedy,Drama,Romance	7.1	145482
Foxcatcher	2014	134	Biography,Drama,History	7.0	145269
CODA	2021	111	Comedy,Drama,Music	8.0	145065
The Constant Gardener	2005	129	Drama,Mystery,Romance	7.4	144980
John Wick: Chapter 4	2023	169	Action,Crime,Thriller	8.2	144287
Kung Fu Hustle	2004	99	Action,Comedy,Fantasy	7.7	144047
Creed II	2018	130	Action,Drama,Sport	7.1	143463
The Mule	2018	116	Crime,Drama,Thriller	7.0	142673
The Count of Monte Cristo	2002	131	Action,Adventure,Drama	7.7	142255
The Devil All the Time	2020	138	Crime,Drama,Thriller	7.1	141798
Irreversible	2002	97	Crime,Drama,Mystery	7.3	140303
The Whale	2022	117	Drama	7.7	139513
K.G.F: Chapter 2	2022	168	Action,Crime,Drama	8.3	139193
Still Alice	2014	101	Drama	7.5	139092
The Big Sick	2017	120	Comedy,Drama,Romance	7.5	139046
The Book Thief	2013	131	Drama,War	7.5	138644
John Q	2002	116	Crime,Drama,Thriller	7.1	138427
Billy Elliot	2000	110	Drama,Music	7.7	138225
Clerks II	2006	97	Comedy	7.3	138162
The King	2019	140	Biography,Drama,History	7.3	137905
Phantom Thread	2017	130	Drama,Romance	7.4	137716
Margin Call	2011	107	Drama,Thriller	7.1	137547
How to Train Your Dragon: The Hidden World	2019	104	Action,Adventure,Animation	7.4	137419
I Saw the Devil	2010	144	Action,Crime,Drama	7.8	136583
Sound of Metal	2019	120	Drama,Music	7.7	136304
Capote	2005	114	Biography,Crime,Drama	7.3	136245
An Education	2009	100	Drama	7.3	136111
Bronson	2008	92	Action,Crime,Drama	7.0	135468
Brothers	2009	105	Drama,Thriller,War	7.1	135365
Carol	2015	118	Drama,Romance	7.2	134892
Hunt for the Wilderpeople	2016	101	Adventure,Comedy,Drama	7.8	134846
The Hours	2002	110	Drama,Romance	7.5	134724
Me and Earl and the Dying Girl	2015	105	Comedy,Drama,Romance	7.7	134476
Matchstick Men	2003	116	Comedy,Crime,Drama	7.3	134125
Turning Red	2022	100	Adventure,Animation,Comedy	7.0	133551
Kubo and the Two Strings	2016	101	Action,Adventure,Animation	7.7	133314
Wild	2014	115	Adventure,Biography,Drama	7.1	132660
Doubt	2008	104	Drama,Mystery	7.5	132648
The Edge of Seventeen	2016	104	Comedy,Drama	7.3	132546
The French Dispatch	2020	107	Comedy,Drama,Romance	7.1	132517
Dil Bechara	2020	101	Comedy,Drama,Romance	8.4	132458
The Kids Are All Right	2010	106	Comedy,Drama,Romance	7.0	132189
The Walk	2015	123	Adventure,Biography,Drama	7.3	131369
Hustle	2022	117	Comedy,Drama,Sport	7.3	130925
Green Room	2015	95	Crime,Drama,Horror	7.0	130844
Fahrenheit 9/11	2004	122	Documentary,Drama,War	7.5	130756
Triangle of Sadness	2022	147	Comedy,Drama	7.3	130708
About Schmidt	2002	125	Drama	7.2	130499
Good Time	2017	102	Crime,Drama,Thriller	7.3	130227
Black Mirror: Bandersnatch	2018	90	Drama,Fantasy,Mystery	7.1	130012
Baahubali: The Beginning	2015	159	Action,Drama	8.0	129614
I Origins	2014	106	Drama,Mystery,Romance	7.3	128748
The Kingdom	2007	110	Action,Drama,Thriller	7.0	128294
T2 Trainspotting	2017	117	Comedy,Drama	7.2	128101
The Two Popes	2019	125	Biography,Comedy,Drama	7.6	127861
Infernal Affairs	2002	101	Action,Crime,Drama	8.0	127398
The Raid 2	2014	150	Action,Crime,Thriller	7.9	126792
Licorice Pizza	2021	133	Comedy,Drama,Romance	7.2	126743
The Host	2006	120	Drama,Horror,Sci-Fi	7.1	126507
The Phantom of the Opera	2004	143	Drama,Musical,Romance	7.2	126266
Okja	2017	120	Action,Adventure,Drama	7.3	126234
Flags of Our Fathers	2006	135	Action,Adventure,Drama	7.1	125972
The Dreamers	2003	115	Drama,Romance	7.1	125782
Puss in Boots: The Last Wish	2022	102	Adventure,Animation,Comedy	7.9	125691
And Your Mother Too	2001	106	Drama	7.7	125511
This Is England	2006	101	Crime,Drama	7.7	124853
Treasure Planet	2002	95	Adventure,Animation,Family	7.2	124574
Shershaah	2021	135	Action,Biography,Drama	8.3	124439
Let Me In	2010	116	Drama,Fantasy,Horror	7.1	124275
Booksmart	2019	102	Comedy	7.1	123947
Julie & Julia	2009	123	Biography,Drama,Romance	7.0	123878
Ghost World	2001	111	Comedy,Drama	7.3	123310
Paddington	2014	95	Adventure,Comedy,Family	7.3	123224
The Best Offer	2013	131	Crime,Drama,Mystery	7.8	123026
The Life of David Gale	2003	130	Crime,Drama,Thriller	7.5	122930
Gifted	2017	101	Drama	7.6	122248
King Richard	2021	144	Biography,Drama,Sport	7.5	121614
The Unbearable Weight of Massive Talent	2022	107	Action,Comedy,Crime	7.0	121513
Charlie Wilson's War	2007	102	Biography,Comedy,Drama	7.0	121436
Pay It Forward	2000	123	Drama	7.2	121207
Men of Honor	2000	129	Biography,Drama	7.2	120537
Rang De Basanti	2006	167	Comedy,Crime,Drama	8.1	120367
Nebraska	2013	115	Drama	7.7	120171
The Florida Project	2017	111	Drama	7.6	119651
Soorarai Pottru	2020	153	Action,Drama	8.7	119293
The Way Back	2010	133	Adventure,Drama,History	7.3	119032
Love, Simon	2018	110	Comedy,Drama,Romance	7.5	118994
The Foreigner	2017	113	Action,Thriller	7.0	118185
Death at a Funeral	2007	90	Comedy	7.3	118149
The Butler	2013	132	Biography,Drama	7.2	117355
Den of Thieves	2018	140	Action,Crime,Drama	7.0	117308
Lagaan: Once Upon a Time in India	2001	224	Drama,Musical,Sport	8.1	116775
Silence	2016	161	Drama,History	7.1	116431
The Jacket	2005	103	Drama,Fantasy,Mystery	7.1	116304
The Mitchells vs the Machines	2021	114	Adventure,Animation,Comedy	7.6	115310
A Single Man	2009	99	Crime,Drama,Romance	7.5	114804
Talk to Her	2002	112	Drama,Mystery,Romance	7.9	114774
Babylon	2022	189	Comedy,Drama,History	7.2	114459
A Scanner Darkly	2006	100	Animation,Comedy,Crime	7.0	114286
The Fall	2006	117	Adventure,Drama,Fantasy	7.8	114196
House of Flying Daggers	2004	119	Action,Adventure,Drama	7.5	114192
To All the Boys I've Loved Before	2018	99	Comedy,Drama,Romance	7.0	113927
The Queen	2006	103	Biography,Drama	7.3	113704
The Boat That Rocked	2009	135	Comedy,Drama,Music	7.3	113641
Little Children	2006	137	Drama,Romance	7.5	113525
The Unforgivable	2021	112	Crime,Drama	7.1	113292
Precious	2009	110	Drama	7.3	113254
Dancer in the Dark	2000	140	Crime,Drama,Musical	7.9	112824
Across the Universe	2007	133	Drama,Fantasy,History	7.3	112183
Filth	2013	97	Action,Comedy,Crime	7.0	112124
Fences	2016	139	Drama	7.2	111944
The Man Who Wasn't There	2001	116	Crime,Drama	7.5	111882
The Wave	2008	107	Drama,Thriller	7.6	111681
Instant Family	2018	118	Comedy,Drama	7.3	111630
Frequency	2000	118	Crime,Drama,Mystery	7.4	111462
tick, tick... BOOM!	2021	120	Biography,Comedy,Drama	7.5	111385
Super Size Me	2004	100	Documentary	7.2	110892
My Name Is Khan	2010	165	Adventure,Drama,Romance	7.9	110651
Frost/Nixon	2008	122	Biography,Drama,History	7.7	110074
The Mountain II	2016	135	Action,Drama,War	8.2	109124
August Rush	2007	114	Drama,Music	7.4	109086
The Diving Bell and the Butterfly	2007	112	Biography,Drama	8.0	108830
Super Troopers	2001	100	Comedy,Crime,Mystery	7.0	108619
Rescue Dawn	2006	120	Adventure,Biography,War	7.3	108358
United 93	2006	111	Action,Drama,History	7.6	108286
Brick	2005	110	Crime,Drama,Mystery	7.2	108120
Ip Man 2	2010	108	Action,Biography,Drama	7.5	107878
Patriots Day	2016	133	Action,Crime,Drama	7.3	107193
Bone Tomahawk	2015	132	Drama,Horror,Western	7.1	107101
Before the Devil Knows You're Dead	2007	117	Crime,Drama,Thriller	7.3	107016
The Death of Stalin	2017	107	Comedy,Drama,History	7.2	106765
Elite Squad	2007	115	Action,Crime,Drama	8.0	106570
Malena	2000	108	Drama,Romance,War	7.4	106522
Baahubali 2: The Conclusion	2017	167	Action,Drama	8.2	106336
St. Vincent	2014	102	Comedy,Drama	7.2	105716
ParaNorman	2012	92	Adventure,Animation,Comedy	7.0	105650
Unleashed	2005	103	Action,Crime,Drama	7.0	105220
Broken Flowers	2005	106	Comedy,Drama,Mystery	7.2	104665
Volver	2006	121	Comedy,Drama	7.6	104439
Headhunters	2011	100	Action,Crime,Thriller	7.5	104224
Only Lovers Left Alive	2013	123	Comedy,Drama,Fantasy	7.2	103836
Demolition	2015	101	Comedy,Drama	7.0	103706
Take Shelter	2011	121	Drama,Horror,Sci-Fi	7.3	103538
Ruby Sparks	2012	104	Comedy,Drama,Fantasy	7.2	103226
The Motorcycle Diaries	2004	126	Adventure,Biography,Drama	7.7	102859
Greyhound	2020	91	Action,Drama,History	7.0	102817
Amour	2012	127	Drama	7.9	102739
Philomena	2013	98	Biography,Comedy,Drama	7.6	101840
Running Scared	2006	122	Action,Crime,Drama	7.3	101432
Hamilton	2020	160	Biography,Drama,History	8.3	100797
Runaway Jury	2003	127	Crime,Drama,Thriller	7.1	100758
Dogtooth	2009	97	Drama,Thriller	7.2	100546
A Prophet	2009	155	Crime,Drama	7.8	100128
Good Night, and Good Luck.	2005	93	Biography,Drama,History	7.4	99429
Martyrs	2008	99	Horror	7.0	99284
Gangs of Wasseypur	2012	321	Action,Comedy,Crime	8.2	99123
42	2013	128	Biography,Drama,Sport	7.5	98351
Portrait of a Lady on Fire	2019	122	Drama,Romance	8.1	98334
Reign Over Me	2007	124	Drama	7.4	98120
Concussion	2015	123	Biography,Drama,Sport	7.1	97644
Guillermo del Toro's Pinocchio	2022	117	Animation,Drama,Family	7.6	97577
The Best Exotic Marigold Hotel	2011	124	Comedy,Drama,Romance	7.2	97225
Sing Street	2016	106	Comedy,Drama,Music	7.9	97094
Persepolis	2007	96	Animation,Biography,Drama	8.0	96955
Andhadhun	2018	139	Crime,Mystery,Thriller	8.2	96847
The Girl Who Played with Fire	2009	129	Action,Crime,Drama	7.1	96720
The Secret World of Arrietty	2010	94	Adventure,Animation,Drama	7.6	96589
Eddie the Eagle	2015	106	Adventure,Biography,Comedy	7.3	96306
Big Eyes	2014	106	Biography,Crime,Drama	7.0	96018
My Sister's Keeper	2009	109	Drama,Family	7.3	95416
Where the Crawdads Sing	2022	125	Drama,Mystery,Romance	7.2	94975
The Experiment	2001	120	Drama,Thriller	7.7	94896
Kantara	2022	148	Action,Adventure,Drama	8.3	94677
Capernaum	2018	126	Drama	8.4	94661
The Super Mario Bros. Movie	2023	92	Adventure,Animation,Comedy	7.3	94533
The Muppets	2011	120	Adventure,Comedy,Family	7.1	94517
Synecdoche, New York	2008	124	Drama	7.5	94413
The Peanut Butter Falcon	2019	97	Adventure,Comedy,Drama	7.6	94379
The Painted Veil	2006	125	Drama,Romance	7.4	94319
The Great Beauty	2013	141	Drama	7.7	93781
Holes	2003	117	Adventure,Comedy,Drama	7.0	93721
Swades	2004	210	Drama,Musical	8.2	93476
Beginners	2010	105	Comedy,Drama,Romance	7.2	93427
Dark Waters	2019	126	Biography,Drama,History	7.6	93348
Flipped	2010	90	Comedy,Drama,Romance	7.7	93314
Selma	2014	128	Biography,Drama,History	7.5	93136
Submarine	2010	97	Comedy,Drama,Romance	7.3	92980
August: Osage County	2013	121	Comedy,Drama	7.2	92748
Biutiful	2010	148	Drama,Romance	7.4	92622
Frida	2002	123	Biography,Drama,Romance	7.3	92232
Crazy Heart	2009	112	Drama,Music,Romance	7.2	92074
Richard Jewell	2019	131	Biography,Crime,Drama	7.5	92046
The Guard	2011	96	Comedy,Crime,Thriller	7.3	92043
Bajrangi Bhaijaan	2015	163	Action,Adventure,Comedy	8.1	91668
Monster's Ball	2001	111	Drama,Romance	7.1	91477
K.G.F: Chapter 1	2018	156	Action,Crime,Drama	8.2	91248
Detachment	2011	98	Drama	7.7	90884
A Monster Calls	2016	108	Adventure,Drama,Family	7.4	90586
Shot Caller	2017	121	Crime,Drama,Thriller	7.3	90571
Gosford Park	2001	137	Comedy,Drama,Mystery	7.2	90474
Jane Eyre	2011	120	Drama,Romance	7.3	90462
The Wind Rises	2013	126	Animation,Biography,Drama	7.7	90107
Confessions of a Dangerous Mind	2002	113	Biography,Comedy,Crime	7.0	90026
Unthinkable	2010	97	Crime,Drama,Thriller	7.0	89936
Stuck in Love.	2012	97	Comedy,Drama,Romance	7.2	89637
Hostiles	2017	134	Drama,Western	7.2	89602
Short Term 12	2013	96	Drama	7.9	89452
Harry Brown	2009	103	Action,Crime,Drama	7.2	89388
Half Nelson	2006	106	Drama	7.1	88997
A Silent Voice: The Movie	2016	130	Animation,Drama	8.1	88890
Cashback	2006	102	Comedy,Drama,Romance	7.1	88876
La Vie En Rose	2007	140	Biography,Drama,Music	7.6	88747
Eye in the Sky	2015	102	Action,Drama,Thriller	7.3	88391
Drishyam	2015	163	Crime,Drama,Mystery	8.2	88240
My Father and My Son	2005	112	Drama,Family	8.2	88064
West Side Story	2021	156	Crime,Drama,Musical	7.2	88055
Finding Forrester	2000	136	Drama	7.3	87673
Dope	2015	103	Adventure,Comedy,Crime	7.2	87429
Paprika	2006	90	Animation,Drama,Fantasy	7.7	87353
Frailty	2001	100	Crime,Drama,Thriller	7.2	86855
The Fabelmans	2022	151	Drama	7.6	86743
Minari	2020	115	Drama	7.4	86679
Beautiful Boy	2018	120	Biography,Drama	7.3	85872
The Social Dilemma	2020	94	Documentary,Drama	7.6	85641
The Longest Ride	2015	123	Comedy,Drama,Romance	7.0	85482
The Hundred-Foot Journey	2014	122	Comedy,Drama	7.3	85301
Judas and the Black Messiah	2021	126	Biography,Drama,History	7.4	85095
Paterson	2016	118	Comedy,Drama,Romance	7.3	84766
Spring, Summer, Fall, Winter... and Spring	2003	103	Drama,Romance	8.0	84682
Elite Squad 2: The Enemy Within	2010	115	Action,Crime,Drama	8.0	84642
Paddington 2	2017	103	Adventure,Comedy,Family	7.8	84565
Munna Bhai M.B.B.S.	2003	156	Comedy,Drama	8.1	84383
An Inconvenient Truth	2006	96	Documentary,News	7.4	84224
Fighting with My Family	2019	108	Biography,Comedy,Drama	7.1	84203
Beasts of the Southern Wild	2012	93	Adventure,Drama,Fantasy	7.2	84083
A Beautiful Day in the Neighborhood	2019	109	Biography,Drama	7.2	83894
Shaolin Soccer	2001	113	Action,Comedy,Fantasy	7.3	83875
Barfi!	2012	151	Comedy,Drama,Romance	8.1	83865
Beasts of No Nation	2015	137	Drama,War	7.7	83837
Enter the Void	2009	161	Drama,Fantasy	7.2	83732
The Sea Inside	2004	126	Biography,Drama	8.0	83303
Trumbo	2015	124	Biography,Drama	7.4	82986
The Kings of Summer	2013	95	Adventure,Comedy,Drama	7.1	82851
Raw	2016	99	Drama,Horror	7.0	82624
Lady Vengeance	2005	115	Crime,Drama,Thriller	7.5	82380
Caché (Hidden)	2005	117	Drama,Mystery,Thriller	7.3	82226
Let's Go! India	2007	153	Drama,Family,Sport	8.1	82138
Dungeons & Dragons: Honor Among Thieves	2023	134	Action,Adventure,Comedy	7.4	81947
Freedom Writers	2007	123	Biography,Crime,Drama	7.6	81815
Felon	2008	104	Crime,Thriller	7.4	81446
Dara of Jasenovac	2020	130	Drama,War	8.1	81376
Notes on a Scandal	2006	92	Crime,Drama,Romance	7.4	81309
The Kite Runner	2007	128	Drama	7.6	81225
Zindagi Na Milegi Dobara	2011	155	Comedy,Drama,Musical	8.2	81143
Guardians of the Galaxy Vol. 3	2023	150	Action,Adventure,Comedy	8.3	80969
Christopher Robin	2018	104	Adventure,Comedy,Drama	7.2	80712
Youth	2015	124	Comedy,Drama,Music	7.3	80683
Belfast	2021	98	Biography,Drama	7.3	80437
Shoplifters	2018	121	Crime,Drama,Thriller	7.9	80398
Four Lions	2010	97	Comedy,Crime,Drama	7.3	80199
A Wednesday	2008	104	Action,Crime,Drama	8.1	80111
Pushpa: The Rise - Part 1	2021	179	Action,Crime,Drama	7.6	80037
The Words	2012	102	Drama,Mystery,Romance	7.0	79711
Papillon	2017	133	Adventure,Biography,Crime	7.2	79653
Farha	2021	92	Drama	8.2	79474
The Worst Person in the World	2021	128	Comedy,Drama,Romance	7.8	79148
Master	2021	179	Action,Crime,Thriller	7.3	78857
Eighth Grade	2018	93	Comedy,Drama	7.4	78794
Gridiron Gang	2006	125	Biography,Crime,Drama	7.1	78607
Black Book	2006	145	Drama,Thriller,War	7.7	78359
The Dig	2021	112	Biography,Drama,History	7.1	78073
Miss Sloane	2016	132	Drama	7.5	78069
Jackass Number Two	2006	92	Action,Comedy,Documentary	7.0	77917
The Christmas Chronicles	2018	104	Adventure,Comedy,Family	7.0	77713
Fearless	2006	104	Action,Biography,Drama	7.6	77324
Inside Job	2010	109	Crime,Documentary	8.2	76967
Disconnect	2012	115	Drama,Thriller	7.5	76900
The Water Diviner	2014	111	Drama,History,War	7.0	76640
Ong-Bak: The Thai Warrior	2003	108	Action,Crime,Thriller	7.1	76298
Sicko	2007	123	Documentary,Drama	8.0	76095
The Infiltrator	2016	127	Biography,Crime,Drama	7.0	75986
Blue Ruin	2013	90	Crime,Drama,Thriller	7.1	75849
The Fundamentals of Caring	2016	97	Comedy,Drama	7.3	75742
Whatever Works	2009	93	Comedy,Romance	7.1	75377
The White Ribbon	2009	144	Drama,Mystery,Thriller	7.8	75346
Open Range	2003	139	Action,Drama,Romance	7.4	75316
A Dog's Purpose	2017	100	Adventure,Comedy,Drama	7.2	75191
Seabiscuit	2003	140	Drama,History,Sport	7.3	74958
A Very Long Engagement	2004	133	Drama,Mystery,Romance	7.6	74778
Sing 2	2021	110	Adventure,Animation,Comedy	7.4	74737
A Most Violent Year	2014	125	Action,Crime,Drama	7.0	74678
The Book of Life	2014	95	Adventure,Animation,Comedy	7.2	74028
In the Valley of Elah	2007	121	Crime,Drama,Mystery	7.2	73959
Dil Chahta Hai	2001	183	Comedy,Drama,Romance	8.1	73701
Paris, je t'aime	2006	120	Comedy,Drama,Romance	7.2	73491
Anomalisa	2015	90	Animation,Comedy,Drama	7.2	73454
Five Feet Apart	2019	116	Drama,Romance	7.2	73237
The Wailing	2016	156	Drama,Horror,Mystery	7.4	73203
Invincible	2006	105	Biography,Drama,Sport	7.0	73027
The Girl Who Kicked the Hornet's Nest	2009	147	Crime,Drama,Thriller	7.3	73009
Only the Brave	2017	134	Action,Biography,Drama	7.6	72884
Senna	2010	106	Biography,Documentary,Sport	8.5	72606
Mysterious Skin	2004	105	Drama	7.6	72511
The King of Staten Island	2020	136	Comedy,Drama	7.1	72224
Free Solo	2018	100	Adventure,Documentary,Sport	8.1	71974
The Square	2017	151	Comedy,Drama	7.1	71912
The Man from Nowhere	2010	119	Action,Crime,Drama	7.7	71813
Hunger	2008	96	Biography,Crime,Drama	7.5	71790
Kal Ho Naa Ho	2003	186	Comedy,Drama,Musical	7.9	71757
Sympathy for Mr. Vengeance	2002	129	Crime,Drama,Thriller	7.5	71728
A Man Called Otto	2022	126	Comedy,Drama	7.5	71374
Just Mercy	2019	137	Biography,Crime,Drama	7.6	71321
Agora	2009	127	Adventure,Biography,Drama	7.1	71265
Love Me If You Dare	2003	93	Comedy,Drama,Romance	7.5	71213
God Bless America	2011	105	Action,Comedy,Crime	7.1	70981
Brawl in Cell Block 99	2017	132	Action,Crime,Drama	7.1	70603
Tár	2022	158	Drama,Music	7.5	70563
House of Sand and Fog	2003	126	Crime,Drama	7.5	70289
The Science of Sleep	2006	105	Comedy,Drama,Fantasy	7.2	70052
Bhaag Milkha Bhaag	2013	186	Biography,Drama,Sport	8.2	69683
Burning	2018	148	Drama,Mystery,Thriller	7.5	69466
Hera Pheri	2000	156	Action,Comedy,Crime	8.1	69268
Celda 211	2009	113	Action,Adventure,Crime	7.6	69070
The Chaser	2008	125	Action,Crime,Drama	7.8	68999
The Body	2012	112	Crime,Drama,Mystery	7.6	68871
DC League of Super-Pets	2022	105	Action,Adventure,Animation	7.1	68869
Elle	2016	130	Crime,Drama,Thriller	7.1	68806
Rust and Bone	2012	120	Drama,Romance	7.4	68780
The Tinder Swindler	2022	114	Crime,Documentary	7.1	68750
Brotherhood of the Wolf	2001	142	Action,Adventure,Drama	7.0	68494
The Devil's Backbone	2001	106	Drama,Horror,Thriller	7.4	68491
The Girl Who Leapt Through Time	2006	98	Adventure,Animation,Comedy	7.7	68233
Perfect Strangers	2016	96	Comedy,Drama	7.7	67889
The Piano Teacher	2001	131	Drama,Music	7.5	67471
Mother	2009	129	Crime,Drama,Mystery	7.8	67346
The Farewell	2019	100	Comedy,Drama	7.5	67115
Jackass 3D	2010	94	Action,Comedy,Documentary	7.0	67010
Queen	2013	146	Adventure,Comedy,Drama	8.1	66957
Control	2007	122	Biography,Drama,Music	7.6	66863
13 Assassins	2010	141	Action,Adventure,Drama	7.5	66855
Hotel Mumbai	2018	123	Action,Drama,History	7.6	66801
Uri: The Surgical Strike	2019	138	Action,Drama,History	8.2	66773
Eight Below	2006	120	Adventure,Drama,Family	7.3	66386
The Courier	2020	112	Drama,History,Thriller	7.2	66269
Timecrimes	2007	92	Horror,Mystery,Sci-Fi	7.1	65924
Batman v Superman: Dawn of Justice (Ultimate Edition)	2016	182	Action,Adventure,Sci-Fi	7.2	65802
Waking Life	2001	99	Animation,Drama,Fantasy	7.7	65490
Wonder Boys	2000	107	Comedy,Drama	7.2	65352
Coffee and Cigarettes	2003	95	Comedy,Drama,Music	7.0	65311
Friday Night Lights	2004	118	Action,Drama,Sport	7.2	64953
A Tale of Two Sisters	2003	114	Drama,Horror,Mystery	7.1	64809
The Chorus	2004	97	Comedy,Drama,Music	7.8	64465
